id,audio_path,text,label,sublabel,sample_rate,duration_s,loudness,sharpness,roughness,fluctuation_strength_proxy,pr_ecma_st,fluctuation_evr,fluctuation_ami,fluctuation_rms_mod,error,compute_time_s
Workshop/saw/saw-0039.wav,/root/clawd/_datasets/zenodo_17033970/DATASEC/DATASEC/Workshop/saw/saw-0039.wav,Workshop,Workshop,saw,44100,4.652176870748299,31.32,2.0308392844631884,0.0960687554761,,0.0,0.04921780317483053,11.319417552793743,0.13780941483246142,"",9.867
Workshop/saw/saw-0040.wav,/root/clawd/_datasets/zenodo_17033970/DATASEC/DATASEC/Workshop/saw/saw-0040.wav,Workshop,Workshop,saw,44100,5.015873015873016,62.11,2.310186120430177,0.4686463903958336,,0.0,0.04089292461561764,9.398952441012977,0.16626731631129635,"",11.824
Workshop/saw/saw-0041.wav,/root/clawd/_datasets/zenodo_17033970/DATASEC/DATASEC/Workshop/saw/saw-0041.wav,Workshop,Workshop,saw,44100,12.707891156462585,21.11,2.2846090821832723,0.41094013016874387,,0.0,0.03865073569292648,105.89194117116614,0.16014956508770034,"",24.542
Workshop/saw/saw-0042.wav,/root/clawd/_datasets/zenodo_17033970/DATASEC/DATASEC/Workshop/saw/saw-0042.wav,Workshop,Workshop,saw,44100,10.0,34.53,1.8256127127478177,0.10542643606052202,,0.0,0.033055147046052585,19.20354203935447,0.12856677839963893,"",20.29
